Time,Signal
0,0
0.0039062,0.49594
0.0078125,0.88054
0.011719,1.0687
0.015625,1.0219
0.019531,0.7568
0.023438,0.34182
0.027344,-0.11932
0.03125,-0.51202
0.035156,-0.73784
0.039062,-0.73781
0.042969,-0.5063
0.046875,-0.092399
0.050781,0.4117
0.054688,0.89246
0.058594,1.2418
0.0625,1.3827
0.066406,1.2872
0.070312,0.98313
0.074219,0.54763
0.078125,0.088713
0.082031,-0.28011
0.085938,-0.46668
0.089844,-0.42194
0.09375,-0.15154
0.097656,0.28552
0.10156,0.79079
0.10547,1.2496
0.10938,1.5583
0.11328,1.6484
0.11719,1.503
0.12109,1.1609
0.125,0.70711
0.12891,0.25285
0.13281,-0.090518
0.13672,-0.23798
0.14062,-0.15087
0.14453,0.15395
0.14844,0.60812
0.15234,1.1079
0.15625,1.5386
0.16016,1.8018
0.16406,1.8385
0.16797,1.6431
0.17188,1.2646
0.17578,0.79521
0.17969,0.34842
0.18359,0.032288
0.1875,-0.07612
0.19141,0.051072
0.19531,0.38597
0.19922,0.85151
0.20312,1.3396
0.20703,1.7368
0.21094,1.9508
0.21484,1.9326
0.21875,1.6879
0.22266,1.2756
0.22656,0.79409
0.23047,0.35809
0.23438,0.071305
0.23828,0.0021057
0.24219,0.16733
0.24609,0.5283
0.25,1
0.25391,1.4711
0.25781,1.8303
0.26172,1.9925
0.26562,1.9191
0.26953,1.6269
0.27344,1.1843
0.27734,0.69499
0.28125,0.27368
0.28516,0.018762
0.28906,-0.010754
0.29297,0.19077
0.29688,0.57426
0.30078,1.0475
0.30469,1.4971
0.30859,1.8149
0.3125,1.9239
0.31641,1.7961
0.32031,1.4596
0.32422,0.99124
0.32812,0.49924
0.33203,0.097077
0.33594,-0.12306
0.33984,-0.11209
0.34375,0.12436
0.34766,0.5273
0.35156,0.9983
0.35547,1.4227
0.35938,1.6969
0.36328,1.7524
0.36719,1.5724
0.37109,1.1956
0.375,0.70711
0.37891,0.21814
0.38281,-0.15991
0.38672,-0.34201
0.39062,-0.28949
0.39453,-0.019162
0.39844,0.40061
0.40234,0.86609
0.40625,1.2627
0.41016,1.4919
0.41406,1.4949
0.41797,1.2659
0.42188,0.85408
0.42578,0.35159
0.42969,-0.12802
0.43359,-0.47668
0.4375,-0.61732
0.44141,-0.52203
0.44531,-0.21868
0.44922,0.21566
0.45312,0.67297
0.45703,1.0397
0.46094,1.2238
0.46484,1.176
0.46875,0.9022
0.47266,0.46125
0.47656,-0.04836
0.48047,-0.51198
0.48438,-0.82586
0.48828,-0.92162
0.49219,-0.7824
0.49609,-0.44686
0.5,-2.3268e-15
0.50391,0.44686
0.50781,0.7824
0.51172,0.92162
0.51562,0.82586
0.51953,0.51198
0.52344,0.04836
0.52734,-0.46125
0.53125,-0.9022
0.53516,-1.176
0.53906,-1.2238
0.54297,-1.0397
0.54688,-0.67297
0.55078,-0.21566
0.55469,0.21868
0.55859,0.52203
0.5625,0.61732
0.56641,0.47668
0.57031,0.12802
0.57422,-0.35159
0.57812,-0.85408
0.58203,-1.2659
0.58594,-1.4949
0.58984,-1.4919
0.59375,-1.2627
0.59766,-0.86609
0.60156,-0.40061
0.60547,0.019162
0.60938,0.28949
0.61328,0.34201
0.61719,0.15991
0.62109,-0.21814
0.625,-0.70711
0.62891,-1.1956
0.63281,-1.5724
0.63672,-1.7524
0.64062,-1.6969
0.64453,-1.4227
0.64844,-0.9983
0.65234,-0.5273
0.65625,-0.12436
0.66016,0.11209
0.66406,0.12306
0.66797,-0.097077
0.67188,-0.49924
0.67578,-0.99124
0.67969,-1.4596
0.68359,-1.7961
0.6875,-1.9239
0.69141,-1.8149
0.69531,-1.4971
0.69922,-1.0475
0.70312,-0.57426
0.70703,-0.19077
0.71094,0.010754
0.71484,-0.018762
0.71875,-0.27368
0.72266,-0.69499
0.72656,-1.1843
0.73047,-1.6269
0.73438,-1.9191
0.73828,-1.9925
0.74219,-1.8303
0.74609,-1.4711
0.75,-1
0.75391,-0.5283
0.75781,-0.16733
0.76172,-0.0021057
0.76562,-0.071305
0.76953,-0.35809
0.77344,-0.79409
0.77734,-1.2756
0.78125,-1.6879
0.78516,-1.9326
0.78906,-1.9508
0.79297,-1.7368
0.79688,-1.3396
0.80078,-0.85151
0.80469,-0.38597
0.80859,-0.051072
0.8125,0.07612
0.81641,-0.032288
0.82031,-0.34842
0.82422,-0.79521
0.82812,-1.2646
0.83203,-1.6431
0.83594,-1.8385
0.83984,-1.8018
0.84375,-1.5386
0.84766,-1.1079
0.85156,-0.60812
0.85547,-0.15395
0.85938,0.15087
0.86328,0.23798
0.86719,0.090518
0.87109,-0.25285
0.875,-0.70711
0.87891,-1.1609
0.88281,-1.503
0.88672,-1.6484
0.89062,-1.5583
0.89453,-1.2496
0.89844,-0.79079
0.90234,-0.28552
0.90625,0.15154
0.91016,0.42194
0.91406,0.46668
0.91797,0.28011
0.92188,-0.088713
0.92578,-0.54763
0.92969,-0.98313
0.93359,-1.2872
0.9375,-1.3827
0.94141,-1.2418
0.94531,-0.89246
0.94922,-0.4117
0.95312,0.092399
0.95703,0.5063
0.96094,0.73781
0.96484,0.73784
0.96875,0.51202
0.97266,0.11932
0.97656,-0.34182
0.98047,-0.7568
0.98438,-1.0219
0.98828,-1.0687
0.99219,-0.88054
0.99609,-0.49594
1,-5.1435e-15
1.0039,0.49594
1.0078,0.88054
1.0117,1.0687
1.0156,1.0219
1.0195,0.7568
1.0234,0.34182
1.0273,-0.11932
1.0312,-0.51202
1.0352,-0.73784
1.0391,-0.73781
1.043,-0.5063
1.0469,-0.092399
1.0508,0.4117
1.0547,0.89246
1.0586,1.2418
1.0625,1.3827
1.0664,1.2872
1.0703,0.98313
1.0742,0.54763
1.0781,0.088713
1.082,-0.28011
1.0859,-0.46668
1.0898,-0.42194
1.0938,-0.15154
1.0977,0.28552
1.1016,0.79079
1.1055,1.2496
1.1094,1.5583
1.1133,1.6484
1.1172,1.503
1.1211,1.1609
1.125,0.70711
1.1289,0.25285
1.1328,-0.090518
1.1367,-0.23798
1.1406,-0.15087
1.1445,0.15395
1.1484,0.60812
1.1523,1.1079
1.1562,1.5386
1.1602,1.8018
1.1641,1.8385
1.168,1.6431
1.1719,1.2646
1.1758,0.79521
1.1797,0.34842
1.1836,0.032288
1.1875,-0.07612
1.1914,0.051072
1.1953,0.38597
1.1992,0.85151
1.2031,1.3396
1.207,1.7368
1.2109,1.9508
1.2148,1.9326
1.2188,1.6879
1.2227,1.2756
1.2266,0.79409
1.2305,0.35809
1.2344,0.071305
1.2383,0.0021057
1.2422,0.16733
1.2461,0.5283
1.25,1
1.2539,1.4711
1.2578,1.8303
1.2617,1.9925
1.2656,1.9191
1.2695,1.6269
1.2734,1.1843
1.2773,0.69499
1.2812,0.27368
1.2852,0.018762
1.2891,-0.010754
1.293,0.19077
1.2969,0.57426
1.3008,1.0475
1.3047,1.4971
1.3086,1.8149
1.3125,1.9239
1.3164,1.7961
1.3203,1.4596
1.3242,0.99124
1.3281,0.49924
1.332,0.097077
1.3359,-0.12306
1.3398,-0.11209
1.3438,0.12436
1.3477,0.5273
1.3516,0.9983
1.3555,1.4227
1.3594,1.6969
1.3633,1.7524
1.3672,1.5724
1.3711,1.1956
1.375,0.70711
1.3789,0.21814
1.3828,-0.15991
1.3867,-0.34201
1.3906,-0.28949
1.3945,-0.019162
1.3984,0.40061
1.4023,0.86609
1.4062,1.2627
1.4102,1.4919
1.4141,1.4949
1.418,1.2659
1.4219,0.85408
1.4258,0.35159
1.4297,-0.12802
1.4336,-0.47668
1.4375,-0.61732
1.4414,-0.52203
1.4453,-0.21868
1.4492,0.21566
1.4531,0.67297
1.457,1.0397
1.4609,1.2238
1.4648,1.176
1.4688,0.9022
1.4727,0.46125
1.4766,-0.04836
1.4805,-0.51198
1.4844,-0.82586
1.4883,-0.92162
1.4922,-0.7824
1.4961,-0.44686
1.5,-2.1191e-14
1.5039,0.44686
1.5078,0.7824
1.5117,0.92162
1.5156,0.82586
1.5195,0.51198
1.5234,0.04836
1.5273,-0.46125
1.5312,-0.9022
1.5352,-1.176
1.5391,-1.2238
1.543,-1.0397
1.5469,-0.67297
1.5508,-0.21566
1.5547,0.21868
1.5586,0.52203
1.5625,0.61732
1.5664,0.47668
1.5703,0.12802
1.5742,-0.35159
1.5781,-0.85408
1.582,-1.2659
1.5859,-1.4949
1.5898,-1.4919
1.5938,-1.2627
1.5977,-0.86609
1.6016,-0.40061
1.6055,0.019162
1.6094,0.28949
1.6133,0.34201
1.6172,0.15991
1.6211,-0.21814
1.625,-0.70711
1.6289,-1.1956
1.6328,-1.5724
1.6367,-1.7524
1.6406,-1.6969
1.6445,-1.4227
1.6484,-0.9983
1.6523,-0.5273
1.6562,-0.12436
1.6602,0.11209
1.6641,0.12306
1.668,-0.097077
1.6719,-0.49924
1.6758,-0.99124
1.6797,-1.4596
1.6836,-1.7961
1.6875,-1.9239
1.6914,-1.8149
1.6953,-1.4971
1.6992,-1.0475
1.7031,-0.57426
1.707,-0.19077
1.7109,0.010754
1.7148,-0.018762
1.7188,-0.27368
1.7227,-0.69499
1.7266,-1.1843
1.7305,-1.6269
1.7344,-1.9191
1.7383,-1.9925
1.7422,-1.8303
1.7461,-1.4711
1.75,-1
1.7539,-0.5283
1.7578,-0.16733
1.7617,-0.0021057
1.7656,-0.071305
1.7695,-0.35809
1.7734,-0.79409
1.7773,-1.2756
1.7812,-1.6879
1.7852,-1.9326
1.7891,-1.9508
1.793,-1.7368
1.7969,-1.3396
1.8008,-0.85151
1.8047,-0.38597
1.8086,-0.051072
1.8125,0.07612
1.8164,-0.032288
1.8203,-0.34842
1.8242,-0.79521
1.8281,-1.2646
1.832,-1.6431
1.8359,-1.8385
1.8398,-1.8018
1.8438,-1.5386
1.8477,-1.1079
1.8516,-0.60812
1.8555,-0.15395
1.8594,0.15087
1.8633,0.23798
1.8672,0.090518
1.8711,-0.25285
1.875,-0.70711
1.8789,-1.1609
1.8828,-1.503
1.8867,-1.6484
1.8906,-1.5583
1.8945,-1.2496
1.8984,-0.79079
1.9023,-0.28552
1.9062,0.15154
1.9102,0.42194
1.9141,0.46668
1.918,0.28011
1.9219,-0.088713
1.9258,-0.54763
1.9297,-0.98313
1.9336,-1.2872
1.9375,-1.3827
1.9414,-1.2418
1.9453,-0.89246
1.9492,-0.4117
1.9531,0.092399
1.957,0.5063
1.9609,0.73781
1.9648,0.73784
1.9688,0.51202
1.9727,0.11932
1.9766,-0.34182
1.9805,-0.7568
1.9844,-1.0219
1.9883,-1.0687
1.9922,-0.88054
1.9961,-0.49594
2,-1.0287e-14
2.0039,0.49594
2.0078,0.88054
2.0117,1.0687
2.0156,1.0219
2.0195,0.7568
2.0234,0.34182
2.0273,-0.11932
2.0312,-0.51202
2.0352,-0.73784
2.0391,-0.73781
2.043,-0.5063
2.0469,-0.092399
2.0508,0.4117
2.0547,0.89246
2.0586,1.2418
2.0625,1.3827
2.0664,1.2872
2.0703,0.98313
2.0742,0.54763
2.0781,0.088713
2.082,-0.28011
2.0859,-0.46668
2.0898,-0.42194
2.0938,-0.15154
2.0977,0.28552
2.1016,0.79079
2.1055,1.2496
2.1094,1.5583
2.1133,1.6484
2.1172,1.503
2.1211,1.1609
2.125,0.70711
2.1289,0.25285
2.1328,-0.090518
2.1367,-0.23798
2.1406,-0.15087
2.1445,0.15395
2.1484,0.60812
2.1523,1.1079
2.1562,1.5386
2.1602,1.8018
2.1641,1.8385
2.168,1.6431
2.1719,1.2646
2.1758,0.79521
2.1797,0.34842
2.1836,0.032288
2.1875,-0.07612
2.1914,0.051072
2.1953,0.38597
2.1992,0.85151
2.2031,1.3396
2.207,1.7368
2.2109,1.9508
2.2148,1.9326
2.2188,1.6879
2.2227,1.2756
2.2266,0.79409
2.2305,0.35809
2.2344,0.071305
2.2383,0.0021057
2.2422,0.16733
2.2461,0.5283
2.25,1
2.2539,1.4711
2.2578,1.8303
2.2617,1.9925
2.2656,1.9191
2.2695,1.6269
2.2734,1.1843
2.2773,0.69499
2.2812,0.27368
2.2852,0.018762
2.2891,-0.010754
2.293,0.19077
2.2969,0.57426
2.3008,1.0475
2.3047,1.4971
2.3086,1.8149
2.3125,1.9239
2.3164,1.7961
2.3203,1.4596
2.3242,0.99124
2.3281,0.49924
2.332,0.097077
2.3359,-0.12306
2.3398,-0.11209
2.3438,0.12436
2.3477,0.5273
2.3516,0.9983
2.3555,1.4227
2.3594,1.6969
2.3633,1.7524
2.3672,1.5724
2.3711,1.1956
2.375,0.70711
2.3789,0.21814
2.3828,-0.15991
2.3867,-0.34201
2.3906,-0.28949
2.3945,-0.019162
2.3984,0.40061
2.4023,0.86609
2.4062,1.2627
2.4102,1.4919
2.4141,1.4949
2.418,1.2659
2.4219,0.85408
2.4258,0.35159
2.4297,-0.12802
2.4336,-0.47668
2.4375,-0.61732
2.4414,-0.52203
2.4453,-0.21868
2.4492,0.21566
2.4531,0.67297
2.457,1.0397
2.4609,1.2238
2.4648,1.176
2.4688,0.9022
2.4727,0.46125
2.4766,-0.04836
2.4805,-0.51198
2.4844,-0.82586
2.4883,-0.92162
2.4922,-0.7824
2.4961,-0.44686
2.5,2.5767e-15
2.5039,0.44686
2.5078,0.7824
2.5117,0.92162
2.5156,0.82586
2.5195,0.51198
2.5234,0.04836
2.5273,-0.46125
2.5312,-0.9022
2.5352,-1.176
2.5391,-1.2238
2.543,-1.0397
2.5469,-0.67297
2.5508,-0.21566
2.5547,0.21868
2.5586,0.52203
2.5625,0.61732
2.5664,0.47668
2.5703,0.12802
2.5742,-0.35159
2.5781,-0.85408
2.582,-1.2659
2.5859,-1.4949
2.5898,-1.4919
2.5938,-1.2627
2.5977,-0.86609
2.6016,-0.40061
2.6055,0.019162
2.6094,0.28949
2.6133,0.34201
2.6172,0.15991
2.6211,-0.21814
2.625,-0.70711
2.6289,-1.1956
2.6328,-1.5724
2.6367,-1.7524
2.6406,-1.6969
2.6445,-1.4227
2.6484,-0.9983
2.6523,-0.5273
2.6562,-0.12436
2.6602,0.11209
2.6641,0.12306
2.668,-0.097077
2.6719,-0.49924
2.6758,-0.99124
2.6797,-1.4596
2.6836,-1.7961
2.6875,-1.9239
2.6914,-1.8149
2.6953,-1.4971
2.6992,-1.0475
2.7031,-0.57426
2.707,-0.19077
2.7109,0.010754
2.7148,-0.018762
2.7188,-0.27368
2.7227,-0.69499
2.7266,-1.1843
2.7305,-1.6269
2.7344,-1.9191
2.7383,-1.9925
2.7422,-1.8303
2.7461,-1.4711
2.75,-1
2.7539,-0.5283
2.7578,-0.16733
2.7617,-0.0021057
2.7656,-0.071305
2.7695,-0.35809
2.7734,-0.79409
2.7773,-1.2756
2.7812,-1.6879
2.7852,-1.9326
2.7891,-1.9508
2.793,-1.7368
2.7969,-1.3396
2.8008,-0.85151
2.8047,-0.38597
2.8086,-0.051072
2.8125,0.07612
2.8164,-0.032288
2.8203,-0.34842
2.8242,-0.79521
2.8281,-1.2646
2.832,-1.6431
2.8359,-1.8385
2.8398,-1.8018
2.8438,-1.5386
2.8477,-1.1079
2.8516,-0.60812
2.8555,-0.15395
2.8594,0.15087
2.8633,0.23798
2.8672,0.090518
2.8711,-0.25285
2.875,-0.70711
2.8789,-1.1609
2.8828,-1.503
2.8867,-1.6484
2.8906,-1.5583
2.8945,-1.2496
2.8984,-0.79079
2.9023,-0.28552
2.9062,0.15154
2.9102,0.42194
2.9141,0.46668
2.918,0.28011
2.9219,-0.088713
2.9258,-0.54763
2.9297,-0.98313
2.9336,-1.2872
2.9375,-1.3827
2.9414,-1.2418
2.9453,-0.89246
2.9492,-0.4117
2.9531,0.092399
2.957,0.5063
2.9609,0.73781
2.9648,0.73784
2.9688,0.51202
2.9727,0.11932
2.9766,-0.34182
2.9805,-0.7568
2.9844,-1.0219
2.9883,-1.0687
2.9922,-0.88054
2.9961,-0.49594
3,-4.3852e-14
3.0039,0.49594
3.0078,0.88054
3.0117,1.0687
3.0156,1.0219
3.0195,0.7568
3.0234,0.34182
3.0273,-0.11932
3.0312,-0.51202
3.0352,-0.73784
3.0391,-0.73781
3.043,-0.5063
3.0469,-0.092399
3.0508,0.4117
3.0547,0.89246
3.0586,1.2418
3.0625,1.3827
3.0664,1.2872
3.0703,0.98313
3.0742,0.54763
3.0781,0.088713
3.082,-0.28011
3.0859,-0.46668
3.0898,-0.42194
3.0938,-0.15154
3.0977,0.28552
3.1016,0.79079
3.1055,1.2496
3.1094,1.5583
3.1133,1.6484
3.1172,1.503
3.1211,1.1609
3.125,0.70711
3.1289,0.25285
3.1328,-0.090518
3.1367,-0.23798
3.1406,-0.15087
3.1445,0.15395
3.1484,0.60812
3.1523,1.1079
3.1562,1.5386
3.1602,1.8018
3.1641,1.8385
3.168,1.6431
3.1719,1.2646
3.1758,0.79521
3.1797,0.34842
3.1836,0.032288
3.1875,-0.07612
3.1914,0.051072
3.1953,0.38597
3.1992,0.85151
3.2031,1.3396
3.207,1.7368
3.2109,1.9508
3.2148,1.9326
3.2188,1.6879
3.2227,1.2756
3.2266,0.79409
3.2305,0.35809
3.2344,0.071305
3.2383,0.0021057
3.2422,0.16733
3.2461,0.5283
3.25,1
3.2539,1.4711
3.2578,1.8303
3.2617,1.9925
3.2656,1.9191
3.2695,1.6269
3.2734,1.1843
3.2773,0.69499
3.2812,0.27368
3.2852,0.018762
3.2891,-0.010754
3.293,0.19077
3.2969,0.57426
3.3008,1.0475
3.3047,1.4971
3.3086,1.8149
3.3125,1.9239
3.3164,1.7961
3.3203,1.4596
3.3242,0.99124
3.3281,0.49924
3.332,0.097077
3.3359,-0.12306
3.3398,-0.11209
3.3438,0.12436
3.3477,0.5273
3.3516,0.9983
3.3555,1.4227
3.3594,1.6969
3.3633,1.7524
3.3672,1.5724
3.3711,1.1956
3.375,0.70711
3.3789,0.21814
3.3828,-0.15991
3.3867,-0.34201
3.3906,-0.28949
3.3945,-0.019162
3.3984,0.40061
3.4023,0.86609
3.4062,1.2627
3.4102,1.4919
3.4141,1.4949
3.418,1.2659
3.4219,0.85408
3.4258,0.35159
3.4297,-0.12802
3.4336,-0.47668
3.4375,-0.61732
3.4414,-0.52203
3.4453,-0.21868
3.4492,0.21566
3.4531,0.67297
3.457,1.0397
3.4609,1.2238
3.4648,1.176
3.4688,0.9022
3.4727,0.46125
3.4766,-0.04836
3.4805,-0.51198
3.4844,-0.82586
3.4883,-0.92162
3.4922,-0.7824
3.4961,-0.44686
3.5,-3.0499e-14
3.5039,0.44686
3.5078,0.7824
3.5117,0.92162
3.5156,0.82586
3.5195,0.51198
3.5234,0.04836
3.5273,-0.46125
3.5312,-0.9022
3.5352,-1.176
3.5391,-1.2238
3.543,-1.0397
3.5469,-0.67297
3.5508,-0.21566
3.5547,0.21868
3.5586,0.52203
3.5625,0.61732
3.5664,0.47668
3.5703,0.12802
3.5742,-0.35159
3.5781,-0.85408
3.582,-1.2659
3.5859,-1.4949
3.5898,-1.4919
3.5938,-1.2627
3.5977,-0.86609
3.6016,-0.40061
3.6055,0.019162
3.6094,0.28949
3.6133,0.34201
3.6172,0.15991
3.6211,-0.21814
3.625,-0.70711
3.6289,-1.1956
3.6328,-1.5724
3.6367,-1.7524
3.6406,-1.6969
3.6445,-1.4227
3.6484,-0.9983
3.6523,-0.5273
3.6562,-0.12436
3.6602,0.11209
3.6641,0.12306
3.668,-0.097077
3.6719,-0.49924
3.6758,-0.99124
3.6797,-1.4596
3.6836,-1.7961
3.6875,-1.9239
3.6914,-1.8149
3.6953,-1.4971
3.6992,-1.0475
3.7031,-0.57426
3.707,-0.19077
3.7109,0.010754
3.7148,-0.018762
3.7188,-0.27368
3.7227,-0.69499
3.7266,-1.1843
3.7305,-1.6269
3.7344,-1.9191
3.7383,-1.9925
3.7422,-1.8303
3.7461,-1.4711
3.75,-1
3.7539,-0.5283
3.7578,-0.16733
3.7617,-0.0021057
3.7656,-0.071305
3.7695,-0.35809
3.7734,-0.79409
3.7773,-1.2756
3.7812,-1.6879
3.7852,-1.9326
3.7891,-1.9508
3.793,-1.7368
3.7969,-1.3396
3.8008,-0.85151
3.8047,-0.38597
3.8086,-0.051072
3.8125,0.07612
3.8164,-0.032288
3.8203,-0.34842
3.8242,-0.79521
3.8281,-1.2646
3.832,-1.6431
3.8359,-1.8385
3.8398,-1.8018
3.8438,-1.5386
3.8477,-1.1079
3.8516,-0.60812
3.8555,-0.15395
3.8594,0.15087
3.8633,0.23798
3.8672,0.090518
3.8711,-0.25285
3.875,-0.70711
3.8789,-1.1609
3.8828,-1.503
3.8867,-1.6484
3.8906,-1.5583
3.8945,-1.2496
3.8984,-0.79079
3.9023,-0.28552
3.9062,0.15154
3.9102,0.42194
3.9141,0.46668
3.918,0.28011
3.9219,-0.088713
3.9258,-0.54763
3.9297,-0.98313
3.9336,-1.2872
3.9375,-1.3827
3.9414,-1.2418
3.9453,-0.89246
3.9492,-0.4117
3.9531,0.092399
3.957,0.5063
3.9609,0.73781
3.9648,0.73784
3.9688,0.51202
3.9727,0.11932
3.9766,-0.34182
3.9805,-0.7568
3.9844,-1.0219
3.9883,-1.0687
3.9922,-0.88054
3.9961,-0.49594
4,-2.0574e-14
4.0039,0.49594
4.0078,0.88054
4.0117,1.0687
4.0156,1.0219
4.0195,0.7568
4.0234,0.34182
4.0273,-0.11932
4.0312,-0.51202
4.0352,-0.73784
4.0391,-0.73781
4.043,-0.5063
4.0469,-0.092399
4.0508,0.4117
4.0547,0.89246
4.0586,1.2418
4.0625,1.3827
4.0664,1.2872
4.0703,0.98313
4.0742,0.54763
4.0781,0.088713
4.082,-0.28011
4.0859,-0.46668
4.0898,-0.42194
4.0938,-0.15154
4.0977,0.28552
4.1016,0.79079
4.1055,1.2496
4.1094,1.5583
4.1133,1.6484
4.1172,1.503
4.1211,1.1609
4.125,0.70711
4.1289,0.25285
4.1328,-0.090518
4.1367,-0.23798
4.1406,-0.15087
4.1445,0.15395
4.1484,0.60812
4.1523,1.1079
4.1562,1.5386
4.1602,1.8018
4.1641,1.8385
4.168,1.6431
4.1719,1.2646
4.1758,0.79521
4.1797,0.34842
4.1836,0.032288
4.1875,-0.07612
4.1914,0.051072
4.1953,0.38597
4.1992,0.85151
4.2031,1.3396
4.207,1.7368
4.2109,1.9508
4.2148,1.9326
4.2188,1.6879
4.2227,1.2756
4.2266,0.79409
4.2305,0.35809
4.2344,0.071305
4.2383,0.0021057
4.2422,0.16733
4.2461,0.5283
4.25,1
4.2539,1.4711
4.2578,1.8303
4.2617,1.9925
4.2656,1.9191
4.2695,1.6269
4.2734,1.1843
4.2773,0.69499
4.2812,0.27368
4.2852,0.018762
4.2891,-0.010754
4.293,0.19077
4.2969,0.57426
4.3008,1.0475
4.3047,1.4971
4.3086,1.8149
4.3125,1.9239
4.3164,1.7961
4.3203,1.4596
4.3242,0.99124
4.3281,0.49924
4.332,0.097077
4.3359,-0.12306
4.3398,-0.11209
4.3438,0.12436
4.3477,0.5273
4.3516,0.9983
4.3555,1.4227
4.3594,1.6969
4.3633,1.7524
4.3672,1.5724
4.3711,1.1956
4.375,0.70711
4.3789,0.21814
4.3828,-0.15991
4.3867,-0.34201
4.3906,-0.28949
4.3945,-0.019162
4.3984,0.40061
4.4023,0.86609
4.4062,1.2627
4.4102,1.4919
4.4141,1.4949
4.418,1.2659
4.4219,0.85408
4.4258,0.35159
4.4297,-0.12802
4.4336,-0.47668
4.4375,-0.61732
4.4414,-0.52203
4.4453,-0.21868
4.4492,0.21566
4.4531,0.67297
4.457,1.0397
4.4609,1.2238
4.4648,1.176
4.4688,0.9022
4.4727,0.46125
4.4766,-0.04836
4.4805,-0.51198
4.4844,-0.82586
4.4883,-0.92162
4.4922,-0.7824
4.4961,-0.44686
4.5,-6.7306e-15
4.5039,0.44686
4.5078,0.7824
4.5117,0.92162
4.5156,0.82586
4.5195,0.51198
4.5234,0.04836
4.5273,-0.46125
4.5312,-0.9022
4.5352,-1.176
4.5391,-1.2238
4.543,-1.0397
4.5469,-0.67297
4.5508,-0.21566
4.5547,0.21868
4.5586,0.52203
4.5625,0.61732
4.5664,0.47668
4.5703,0.12802
4.5742,-0.35159
4.5781,-0.85408
4.582,-1.2659
4.5859,-1.4949
4.5898,-1.4919
4.5938,-1.2627
4.5977,-0.86609
4.6016,-0.40061
4.6055,0.019162
4.6094,0.28949
4.6133,0.34201
4.6172,0.15991
4.6211,-0.21814
4.625,-0.70711
4.6289,-1.1956
4.6328,-1.5724
4.6367,-1.7524
4.6406,-1.6969
4.6445,-1.4227
4.6484,-0.9983
4.6523,-0.5273
4.6562,-0.12436
4.6602,0.11209
4.6641,0.12306
4.668,-0.097077
4.6719,-0.49924
4.6758,-0.99124
4.6797,-1.4596
4.6836,-1.7961
4.6875,-1.9239
4.6914,-1.8149
4.6953,-1.4971
4.6992,-1.0475
4.7031,-0.57426
4.707,-0.19077
4.7109,0.010754
4.7148,-0.018762
4.7188,-0.27368
4.7227,-0.69499
4.7266,-1.1843
4.7305,-1.6269
4.7344,-1.9191
4.7383,-1.9925
4.7422,-1.8303
4.7461,-1.4711
4.75,-1
4.7539,-0.5283
4.7578,-0.16733
4.7617,-0.0021057
4.7656,-0.071305
4.7695,-0.35809
4.7734,-0.79409
4.7773,-1.2756
4.7812,-1.6879
4.7852,-1.9326
4.7891,-1.9508
4.793,-1.7368
4.7969,-1.3396
4.8008,-0.85151
4.8047,-0.38597
4.8086,-0.051072
4.8125,0.07612
4.8164,-0.032288
4.8203,-0.34842
4.8242,-0.79521
4.8281,-1.2646
4.832,-1.6431
4.8359,-1.8385
4.8398,-1.8018
4.8438,-1.5386
4.8477,-1.1079
4.8516,-0.60812
4.8555,-0.15395
4.8594,0.15087
4.8633,0.23798
4.8672,0.090518
4.8711,-0.25285
4.875,-0.70711
4.8789,-1.1609
4.8828,-1.503
4.8867,-1.6484
4.8906,-1.5583
4.8945,-1.2496
4.8984,-0.79079
4.9023,-0.28552
4.9062,0.15154
4.9102,0.42194
4.9141,0.46668
4.918,0.28011
4.9219,-0.088713
4.9258,-0.54763
4.9297,-0.98313
4.9336,-1.2872
4.9375,-1.3827
4.9414,-1.2418
4.9453,-0.89246
4.9492,-0.4117
4.9531,0.092399
4.957,0.5063
4.9609,0.73781
4.9648,0.73784
4.9688,0.51202
4.9727,0.11932
4.9766,-0.34182
4.9805,-0.7568
4.9844,-1.0219
4.9883,-1.0687
4.9922,-0.88054
4.9961,-0.49594
5,2.7041e-15
5.0039,0.49594
5.0078,0.88054
5.0117,1.0687
5.0156,1.0219
5.0195,0.7568
5.0234,0.34182
5.0273,-0.11932
5.0312,-0.51202
5.0352,-0.73784
5.0391,-0.73781
5.043,-0.5063
5.0469,-0.092399
5.0508,0.4117
5.0547,0.89246
5.0586,1.2418
5.0625,1.3827
5.0664,1.2872
5.0703,0.98313
5.0742,0.54763
5.0781,0.088713
5.082,-0.28011
5.0859,-0.46668
5.0898,-0.42194
5.0938,-0.15154
5.0977,0.28552
5.1016,0.79079
5.1055,1.2496
5.1094,1.5583
5.1133,1.6484
5.1172,1.503
5.1211,1.1609
5.125,0.70711
5.1289,0.25285
5.1328,-0.090518
5.1367,-0.23798
5.1406,-0.15087
5.1445,0.15395
5.1484,0.60812
5.1523,1.1079
5.1562,1.5386
5.1602,1.8018
5.1641,1.8385
5.168,1.6431
5.1719,1.2646
5.1758,0.79521
5.1797,0.34842
5.1836,0.032288
5.1875,-0.07612
5.1914,0.051072
5.1953,0.38597
5.1992,0.85151
5.2031,1.3396
5.207,1.7368
5.2109,1.9508
5.2148,1.9326
5.2188,1.6879
5.2227,1.2756
5.2266,0.79409
5.2305,0.35809
5.2344,0.071305
5.2383,0.0021057
5.2422,0.16733
5.2461,0.5283
5.25,1
5.2539,1.4711
5.2578,1.8303
5.2617,1.9925
5.2656,1.9191
5.2695,1.6269
5.2734,1.1843
5.2773,0.69499
5.2812,0.27368
5.2852,0.018762
5.2891,-0.010754
5.293,0.19077
5.2969,0.57426
5.3008,1.0475
5.3047,1.4971
5.3086,1.8149
5.3125,1.9239
5.3164,1.7961
5.3203,1.4596
5.3242,0.99124
5.3281,0.49924
5.332,0.097077
5.3359,-0.12306
5.3398,-0.11209
5.3438,0.12436
5.3477,0.5273
5.3516,0.9983
5.3555,1.4227
5.3594,1.6969
5.3633,1.7524
5.3672,1.5724
5.3711,1.1956
5.375,0.70711
5.3789,0.21814
5.3828,-0.15991
5.3867,-0.34201
5.3906,-0.28949
5.3945,-0.019162
5.3984,0.40061
5.4023,0.86609
5.4062,1.2627
5.4102,1.4919
5.4141,1.4949
5.418,1.2659
5.4219,0.85408
5.4258,0.35159
5.4297,-0.12802
5.4336,-0.47668
5.4375,-0.61732
5.4414,-0.52203
5.4453,-0.21868
5.4492,0.21566
5.4531,0.67297
5.457,1.0397
5.4609,1.2238
5.4648,1.176
5.4688,0.9022
5.4727,0.46125
5.4766,-0.04836
5.4805,-0.51198
5.4844,-0.82586
5.4883,-0.92162
5.4922,-0.7824
5.4961,-0.44686
5.5,2.059e-14
5.5039,0.44686
5.5078,0.7824
5.5117,0.92162
5.5156,0.82586
5.5195,0.51198
5.5234,0.04836
5.5273,-0.46125
5.5312,-0.9022
5.5352,-1.176
5.5391,-1.2238
5.543,-1.0397
5.5469,-0.67297
5.5508,-0.21566
5.5547,0.21868
5.5586,0.52203
5.5625,0.61732
5.5664,0.47668
5.5703,0.12802
5.5742,-0.35159
5.5781,-0.85408
5.582,-1.2659
5.5859,-1.4949
5.5898,-1.4919
5.5938,-1.2627
5.5977,-0.86609
5.6016,-0.40061
5.6055,0.019162
5.6094,0.28949
5.6133,0.34201
5.6172,0.15991
5.6211,-0.21814
5.625,-0.70711
5.6289,-1.1956
5.6328,-1.5724
5.6367,-1.7524
5.6406,-1.6969
5.6445,-1.4227
5.6484,-0.9983
5.6523,-0.5273
5.6562,-0.12436
5.6602,0.11209
5.6641,0.12306
5.668,-0.097077
5.6719,-0.49924
5.6758,-0.99124
5.6797,-1.4596
5.6836,-1.7961
5.6875,-1.9239
5.6914,-1.8149
5.6953,-1.4971
5.6992,-1.0475
5.7031,-0.57426
5.707,-0.19077
5.7109,0.010754
5.7148,-0.018762
5.7188,-0.27368
5.7227,-0.69499
5.7266,-1.1843
5.7305,-1.6269
5.7344,-1.9191
5.7383,-1.9925
5.7422,-1.8303
5.7461,-1.4711
5.75,-1
5.7539,-0.5283
5.7578,-0.16733
5.7617,-0.0021057
5.7656,-0.071305
5.7695,-0.35809
5.7734,-0.79409
5.7773,-1.2756
5.7812,-1.6879
5.7852,-1.9326
5.7891,-1.9508
5.793,-1.7368
5.7969,-1.3396
5.8008,-0.85151
5.8047,-0.38597
5.8086,-0.051072
5.8125,0.07612
5.8164,-0.032288
5.8203,-0.34842
5.8242,-0.79521
5.8281,-1.2646
5.832,-1.6431
5.8359,-1.8385
5.8398,-1.8018
5.8438,-1.5386
5.8477,-1.1079
5.8516,-0.60812
5.8555,-0.15395
5.8594,0.15087
5.8633,0.23798
5.8672,0.090518
5.8711,-0.25285
5.875,-0.70711
5.8789,-1.1609
5.8828,-1.503
5.8867,-1.6484
5.8906,-1.5583
5.8945,-1.2496
5.8984,-0.79079
5.9023,-0.28552
5.9062,0.15154
5.9102,0.42194
5.9141,0.46668
5.918,0.28011
5.9219,-0.088713
5.9258,-0.54763
5.9297,-0.98313
5.9336,-1.2872
5.9375,-1.3827
5.9414,-1.2418
5.9453,-0.89246
5.9492,-0.4117
5.9531,0.092399
5.957,0.5063
5.9609,0.73781
5.9648,0.73784
5.9688,0.51202
5.9727,0.11932
5.9766,-0.34182
5.9805,-0.7568
5.9844,-1.0219
5.9883,-1.0687
5.9922,-0.88054
5.9961,-0.49594
6,-8.7705e-14
6.0039,0.49594
6.0078,0.88054
6.0117,1.0687
6.0156,1.0219
6.0195,0.7568
6.0234,0.34182
6.0273,-0.11932
6.0312,-0.51202
6.0352,-0.73784
6.0391,-0.73781
6.043,-0.5063
6.0469,-0.092399
6.0508,0.4117
6.0547,0.89246
6.0586,1.2418
6.0625,1.3827
6.0664,1.2872
6.0703,0.98313
6.0742,0.54763
6.0781,0.088713
6.082,-0.28011
6.0859,-0.46668
6.0898,-0.42194
6.0938,-0.15154
6.0977,0.28552
6.1016,0.79079
6.1055,1.2496
6.1094,1.5583
6.1133,1.6484
6.1172,1.503
6.1211,1.1609
6.125,0.70711
6.1289,0.25285
6.1328,-0.090518
6.1367,-0.23798
6.1406,-0.15087
6.1445,0.15395
6.1484,0.60812
6.1523,1.1079
6.1562,1.5386
6.1602,1.8018
6.1641,1.8385
6.168,1.6431
6.1719,1.2646
6.1758,0.79521
6.1797,0.34842
6.1836,0.032288
6.1875,-0.07612
6.1914,0.051072
6.1953,0.38597
6.1992,0.85151
6.2031,1.3396
6.207,1.7368
6.2109,1.9508
6.2148,1.9326
6.2188,1.6879
6.2227,1.2756
6.2266,0.79409
6.2305,0.35809
6.2344,0.071305
6.2383,0.0021057
6.2422,0.16733
6.2461,0.5283
6.25,1
6.2539,1.4711
6.2578,1.8303
6.2617,1.9925
6.2656,1.9191
6.2695,1.6269
6.2734,1.1843
6.2773,0.69499
6.2812,0.27368
6.2852,0.018762
6.2891,-0.010754
6.293,0.19077
6.2969,0.57426
6.3008,1.0475
6.3047,1.4971
6.3086,1.8149
6.3125,1.9239
6.3164,1.7961
6.3203,1.4596
6.3242,0.99124
6.3281,0.49924
6.332,0.097077
6.3359,-0.12306
6.3398,-0.11209
6.3438,0.12436
6.3477,0.5273
6.3516,0.9983
6.3555,1.4227
6.3594,1.6969
6.3633,1.7524
6.3672,1.5724
6.3711,1.1956
6.375,0.70711
6.3789,0.21814
6.3828,-0.15991
6.3867,-0.34201
6.3906,-0.28949
6.3945,-0.019162
6.3984,0.40061
6.4023,0.86609
6.4062,1.2627
6.4102,1.4919
6.4141,1.4949
6.418,1.2659
6.4219,0.85408
6.4258,0.35159
6.4297,-0.12802
6.4336,-0.47668
6.4375,-0.61732
6.4414,-0.52203
6.4453,-0.21868
6.4492,0.21566
6.4531,0.67297
6.457,1.0397
6.4609,1.2238
6.4648,1.176
6.4688,0.9022
6.4727,0.46125
6.4766,-0.04836
6.4805,-0.51198
6.4844,-0.82586
6.4883,-0.92162
6.4922,-0.7824
6.4961,-0.44686
6.5,-7.6434e-14
6.5039,0.44686
6.5078,0.7824
6.5117,0.92162
6.5156,0.82586
6.5195,0.51198
6.5234,0.04836
6.5273,-0.46125
6.5312,-0.9022
6.5352,-1.176
6.5391,-1.2238
6.543,-1.0397
6.5469,-0.67297
6.5508,-0.21566
6.5547,0.21868
6.5586,0.52203
6.5625,0.61732
6.5664,0.47668
6.5703,0.12802
6.5742,-0.35159
6.5781,-0.85408
6.582,-1.2659
6.5859,-1.4949
6.5898,-1.4919
6.5938,-1.2627
6.5977,-0.86609
6.6016,-0.40061
6.6055,0.019162
6.6094,0.28949
6.6133,0.34201
6.6172,0.15991
6.6211,-0.21814
6.625,-0.70711
6.6289,-1.1956
6.6328,-1.5724
6.6367,-1.7524
6.6406,-1.6969
6.6445,-1.4227
6.6484,-0.9983
6.6523,-0.5273
6.6562,-0.12436
6.6602,0.11209
6.6641,0.12306
6.668,-0.097077
6.6719,-0.49924
6.6758,-0.99124
6.6797,-1.4596
6.6836,-1.7961
6.6875,-1.9239
6.6914,-1.8149
6.6953,-1.4971
6.6992,-1.0475
6.7031,-0.57426
6.707,-0.19077
6.7109,0.010754
6.7148,-0.018762
6.7188,-0.27368
6.7227,-0.69499
6.7266,-1.1843
6.7305,-1.6269
6.7344,-1.9191
6.7383,-1.9925
6.7422,-1.8303
6.7461,-1.4711
6.75,-1
6.7539,-0.5283
6.7578,-0.16733
6.7617,-0.0021057
6.7656,-0.071305
6.7695,-0.35809
6.7734,-0.79409
6.7773,-1.2756
6.7812,-1.6879
6.7852,-1.9326
6.7891,-1.9508
6.793,-1.7368
6.7969,-1.3396
6.8008,-0.85151
6.8047,-0.38597
6.8086,-0.051072
6.8125,0.07612
6.8164,-0.032288
6.8203,-0.34842
6.8242,-0.79521
6.8281,-1.2646
6.832,-1.6431
6.8359,-1.8385
6.8398,-1.8018
6.8438,-1.5386
6.8477,-1.1079
6.8516,-0.60812
6.8555,-0.15395
6.8594,0.15087
6.8633,0.23798
6.8672,0.090518
6.8711,-0.25285
6.875,-0.70711
6.8789,-1.1609
6.8828,-1.503
6.8867,-1.6484
6.8906,-1.5583
6.8945,-1.2496
6.8984,-0.79079
6.9023,-0.28552
6.9062,0.15154
6.9102,0.42194
6.9141,0.46668
6.918,0.28011
6.9219,-0.088713
6.9258,-0.54763
6.9297,-0.98313
6.9336,-1.2872
6.9375,-1.3827
6.9414,-1.2418
6.9453,-0.89246
6.9492,-0.4117
6.9531,0.092399
6.957,0.5063
6.9609,0.73781
6.9648,0.73784
6.9688,0.51202
6.9727,0.11932
6.9766,-0.34182
6.9805,-0.7568
6.9844,-1.0219
6.9883,-1.0687
6.9922,-0.88054
6.9961,-0.49594
7,-6.4426e-14
7.0039,0.49594
7.0078,0.88054
7.0117,1.0687
7.0156,1.0219
7.0195,0.7568
7.0234,0.34182
7.0273,-0.11932
7.0312,-0.51202
7.0352,-0.73784
7.0391,-0.73781
7.043,-0.5063
7.0469,-0.092399
7.0508,0.4117
7.0547,0.89246
7.0586,1.2418
7.0625,1.3827
7.0664,1.2872
7.0703,0.98313
7.0742,0.54763
7.0781,0.088713
7.082,-0.28011
7.0859,-0.46668
7.0898,-0.42194
7.0938,-0.15154
7.0977,0.28552
7.1016,0.79079
7.1055,1.2496
7.1094,1.5583
7.1133,1.6484
7.1172,1.503
7.1211,1.1609
7.125,0.70711
7.1289,0.25285
7.1328,-0.090518
7.1367,-0.23798
7.1406,-0.15087
7.1445,0.15395
7.1484,0.60812
7.1523,1.1079
7.1562,1.5386
7.1602,1.8018
7.1641,1.8385
7.168,1.6431
7.1719,1.2646
7.1758,0.79521
7.1797,0.34842
7.1836,0.032288
7.1875,-0.07612
7.1914,0.051072
7.1953,0.38597
7.1992,0.85151
7.2031,1.3396
7.207,1.7368
7.2109,1.9508
7.2148,1.9326
7.2188,1.6879
7.2227,1.2756
7.2266,0.79409
7.2305,0.35809
7.2344,0.071305
7.2383,0.0021057
7.2422,0.16733
7.2461,0.5283
7.25,1
7.2539,1.4711
7.2578,1.8303
7.2617,1.9925
7.2656,1.9191
7.2695,1.6269
7.2734,1.1843
7.2773,0.69499
7.2812,0.27368
7.2852,0.018762
7.2891,-0.010754
7.293,0.19077
7.2969,0.57426
7.3008,1.0475
7.3047,1.4971
7.3086,1.8149
7.3125,1.9239
7.3164,1.7961
7.3203,1.4596
7.3242,0.99124
7.3281,0.49924
7.332,0.097077
7.3359,-0.12306
7.3398,-0.11209
7.3438,0.12436
7.3477,0.5273
7.3516,0.9983
7.3555,1.4227
7.3594,1.6969
7.3633,1.7524
7.3672,1.5724
7.3711,1.1956
7.375,0.70711
7.3789,0.21814
7.3828,-0.15991
7.3867,-0.34201
7.3906,-0.28949
7.3945,-0.019162
7.3984,0.40061
7.4023,0.86609
7.4062,1.2627
7.4102,1.4919
7.4141,1.4949
7.418,1.2659
7.4219,0.85408
7.4258,0.35159
7.4297,-0.12802
7.4336,-0.47668
7.4375,-0.61732
7.4414,-0.52203
7.4453,-0.21868
7.4492,0.21566
7.4531,0.67297
7.457,1.0397
7.4609,1.2238
7.4648,1.176
7.4688,0.9022
7.4727,0.46125
7.4766,-0.04836
7.4805,-0.51198
7.4844,-0.82586
7.4883,-0.92162
7.4922,-0.7824
7.4961,-0.44686
7.5,-4.5561e-14
7.5039,0.44686
7.5078,0.7824
7.5117,0.92162
7.5156,0.82586
7.5195,0.51198
7.5234,0.04836
7.5273,-0.46125
7.5312,-0.9022
7.5352,-1.176
7.5391,-1.2238
7.543,-1.0397
7.5469,-0.67297
7.5508,-0.21566
7.5547,0.21868
7.5586,0.52203
7.5625,0.61732
7.5664,0.47668
7.5703,0.12802
7.5742,-0.35159
7.5781,-0.85408
7.582,-1.2659
7.5859,-1.4949
7.5898,-1.4919
7.5938,-1.2627
7.5977,-0.86609
7.6016,-0.40061
7.6055,0.019162
7.6094,0.28949
7.6133,0.34201
7.6172,0.15991
7.6211,-0.21814
7.625,-0.70711
7.6289,-1.1956
7.6328,-1.5724
7.6367,-1.7524
7.6406,-1.6969
7.6445,-1.4227
7.6484,-0.9983
7.6523,-0.5273
7.6562,-0.12436
7.6602,0.11209
7.6641,0.12306
7.668,-0.097077
7.6719,-0.49924
7.6758,-0.99124
7.6797,-1.4596
7.6836,-1.7961
7.6875,-1.9239
7.6914,-1.8149
7.6953,-1.4971
7.6992,-1.0475
7.7031,-0.57426
7.707,-0.19077
7.7109,0.010754
7.7148,-0.018762
7.7188,-0.27368
7.7227,-0.69499
7.7266,-1.1843
7.7305,-1.6269
7.7344,-1.9191
7.7383,-1.9925
7.7422,-1.8303
7.7461,-1.4711
7.75,-1
7.7539,-0.5283
7.7578,-0.16733
7.7617,-0.0021057
7.7656,-0.071305
7.7695,-0.35809
7.7734,-0.79409
7.7773,-1.2756
7.7812,-1.6879
7.7852,-1.9326
7.7891,-1.9508
7.793,-1.7368
7.7969,-1.3396
7.8008,-0.85151
7.8047,-0.38597
7.8086,-0.051072
7.8125,0.07612
7.8164,-0.032288
7.8203,-0.34842
7.8242,-0.79521
7.8281,-1.2646
7.832,-1.6431
7.8359,-1.8385
7.8398,-1.8018
7.8438,-1.5386
7.8477,-1.1079
7.8516,-0.60812
7.8555,-0.15395
7.8594,0.15087
7.8633,0.23798
7.8672,0.090518
7.8711,-0.25285
7.875,-0.70711
7.8789,-1.1609
7.8828,-1.503
7.8867,-1.6484
7.8906,-1.5583
7.8945,-1.2496
7.8984,-0.79079
7.9023,-0.28552
7.9062,0.15154
7.9102,0.42194
7.9141,0.46668
7.918,0.28011
7.9219,-0.088713
7.9258,-0.54763
7.9297,-0.98313
7.9336,-1.2872
7.9375,-1.3827
7.9414,-1.2418
7.9453,-0.89246
7.9492,-0.4117
7.9531,0.092399
7.957,0.5063
7.9609,0.73781
7.9648,0.73784
7.9688,0.51202
7.9727,0.11932
7.9766,-0.34182
7.9805,-0.7568
7.9844,-1.0219
7.9883,-1.0687
7.9922,-0.88054
7.9961,-0.49594
8,-4.1148e-14
8.0039,0.49594
8.0078,0.88054
8.0117,1.0687
8.0156,1.0219
8.0195,0.7568
8.0234,0.34182
8.0273,-0.11932
8.0312,-0.51202
8.0352,-0.73784
8.0391,-0.73781
8.043,-0.5063
8.0469,-0.092399
8.0508,0.4117
8.0547,0.89246
8.0586,1.2418
8.0625,1.3827
8.0664,1.2872
8.0703,0.98313
8.0742,0.54763
8.0781,0.088713
8.082,-0.28011
8.0859,-0.46668
8.0898,-0.42194
8.0938,-0.15154
8.0977,0.28552
8.1016,0.79079
8.1055,1.2496
8.1094,1.5583
8.1133,1.6484
8.1172,1.503
8.1211,1.1609
8.125,0.70711
8.1289,0.25285
8.1328,-0.090518
8.1367,-0.23798
8.1406,-0.15087
8.1445,0.15395
8.1484,0.60812
8.1523,1.1079
8.1562,1.5386
8.1602,1.8018
8.1641,1.8385
8.168,1.6431
8.1719,1.2646
8.1758,0.79521
8.1797,0.34842
8.1836,0.032288
8.1875,-0.07612
8.1914,0.051072
8.1953,0.38597
8.1992,0.85151
8.2031,1.3396
8.207,1.7368
8.2109,1.9508
8.2148,1.9326
8.2188,1.6879
8.2227,1.2756
8.2266,0.79409
8.2305,0.35809
8.2344,0.071305
8.2383,0.0021057
8.2422,0.16733
8.2461,0.5283
8.25,1
8.2539,1.4711
8.2578,1.8303
8.2617,1.9925
8.2656,1.9191
8.2695,1.6269
8.2734,1.1843
8.2773,0.69499
8.2812,0.27368
8.2852,0.018762
8.2891,-0.010754
8.293,0.19077
8.2969,0.57426
8.3008,1.0475
8.3047,1.4971
8.3086,1.8149
8.3125,1.9239
8.3164,1.7961
8.3203,1.4596
8.3242,0.99124
8.3281,0.49924
8.332,0.097077
8.3359,-0.12306
8.3398,-0.11209
8.3438,0.12436
8.3477,0.5273
8.3516,0.9983
8.3555,1.4227
8.3594,1.6969
8.3633,1.7524
8.3672,1.5724
8.3711,1.1956
8.375,0.70711
8.3789,0.21814
8.3828,-0.15991
8.3867,-0.34201
8.3906,-0.28949
8.3945,-0.019162
8.3984,0.40061
8.4023,0.86609
8.4062,1.2627
8.4102,1.4919
8.4141,1.4949
8.418,1.2659
8.4219,0.85408
8.4258,0.35159
8.4297,-0.12802
8.4336,-0.47668
8.4375,-0.61732
8.4414,-0.52203
8.4453,-0.21868
8.4492,0.21566
8.4531,0.67297
8.457,1.0397
8.4609,1.2238
8.4648,1.176
8.4688,0.9022
8.4727,0.46125
8.4766,-0.04836
8.4805,-0.51198
8.4844,-0.82586
8.4883,-0.92162
8.4922,-0.7824
8.4961,-0.44686
8.5,-2.8898e-14
8.5039,0.44686
8.5078,0.7824
8.5117,0.92162
8.5156,0.82586
8.5195,0.51198
8.5234,0.04836
8.5273,-0.46125
8.5312,-0.9022
8.5352,-1.176
8.5391,-1.2238
8.543,-1.0397
8.5469,-0.67297
8.5508,-0.21566
8.5547,0.21868
8.5586,0.52203
8.5625,0.61732
8.5664,0.47668
8.5703,0.12802
8.5742,-0.35159
8.5781,-0.85408
8.582,-1.2659
8.5859,-1.4949
8.5898,-1.4919
8.5938,-1.2627
8.5977,-0.86609
8.6016,-0.40061
8.6055,0.019162
8.6094,0.28949
8.6133,0.34201
8.6172,0.15991
8.6211,-0.21814
8.625,-0.70711
8.6289,-1.1956
8.6328,-1.5724
8.6367,-1.7524
8.6406,-1.6969
8.6445,-1.4227
8.6484,-0.9983
8.6523,-0.5273
8.6562,-0.12436
8.6602,0.11209
8.6641,0.12306
8.668,-0.097077
8.6719,-0.49924
8.6758,-0.99124
8.6797,-1.4596
8.6836,-1.7961
8.6875,-1.9239
8.6914,-1.8149
8.6953,-1.4971
8.6992,-1.0475
8.7031,-0.57426
8.707,-0.19077
8.7109,0.010754
8.7148,-0.018762
8.7188,-0.27368
8.7227,-0.69499
8.7266,-1.1843
8.7305,-1.6269
8.7344,-1.9191
8.7383,-1.9925
8.7422,-1.8303
8.7461,-1.4711
8.75,-1
8.7539,-0.5283
8.7578,-0.16733
8.7617,-0.0021057
8.7656,-0.071305
8.7695,-0.35809
8.7734,-0.79409
8.7773,-1.2756
8.7812,-1.6879
8.7852,-1.9326
8.7891,-1.9508
8.793,-1.7368
8.7969,-1.3396
8.8008,-0.85151
8.8047,-0.38597
8.8086,-0.051072
8.8125,0.07612
8.8164,-0.032288
8.8203,-0.34842
8.8242,-0.79521
8.8281,-1.2646
8.832,-1.6431
8.8359,-1.8385
8.8398,-1.8018
8.8438,-1.5386
8.8477,-1.1079
8.8516,-0.60812
8.8555,-0.15395
8.8594,0.15087
8.8633,0.23798
8.8672,0.090518
8.8711,-0.25285
8.875,-0.70711
8.8789,-1.1609
8.8828,-1.503
8.8867,-1.6484
8.8906,-1.5583
8.8945,-1.2496
8.8984,-0.79079
8.9023,-0.28552
8.9062,0.15154
8.9102,0.42194
8.9141,0.46668
8.918,0.28011
8.9219,-0.088713
8.9258,-0.54763
8.9297,-0.98313
8.9336,-1.2872
8.9375,-1.3827
8.9414,-1.2418
8.9453,-0.89246
8.9492,-0.4117
8.9531,0.092399
8.957,0.5063
8.9609,0.73781
8.9648,0.73784
8.9688,0.51202
8.9727,0.11932
8.9766,-0.34182
8.9805,-0.7568
8.9844,-1.0219
8.9883,-1.0687
8.9922,-0.88054
8.9961,-0.49594
9,-1.787e-14
9.0039,0.49594
9.0078,0.88054
9.0117,1.0687
9.0156,1.0219
9.0195,0.7568
9.0234,0.34182
9.0273,-0.11932
9.0312,-0.51202
9.0352,-0.73784
9.0391,-0.73781
9.043,-0.5063
9.0469,-0.092399
9.0508,0.4117
9.0547,0.89246
9.0586,1.2418
9.0625,1.3827
9.0664,1.2872
9.0703,0.98313
9.0742,0.54763
9.0781,0.088713
9.082,-0.28011
9.0859,-0.46668
9.0898,-0.42194
9.0938,-0.15154
9.0977,0.28552
9.1016,0.79079
9.1055,1.2496
9.1094,1.5583
9.1133,1.6484
9.1172,1.503
9.1211,1.1609
9.125,0.70711
9.1289,0.25285
9.1328,-0.090518
9.1367,-0.23798
9.1406,-0.15087
9.1445,0.15395
9.1484,0.60812
9.1523,1.1079
9.1562,1.5386
9.1602,1.8018
9.1641,1.8385
9.168,1.6431
9.1719,1.2646
9.1758,0.79521
9.1797,0.34842
9.1836,0.032288
9.1875,-0.07612
9.1914,0.051072
9.1953,0.38597
9.1992,0.85151
9.2031,1.3396
9.207,1.7368
9.2109,1.9508
9.2148,1.9326
9.2188,1.6879
9.2227,1.2756
9.2266,0.79409
9.2305,0.35809
9.2344,0.071305
9.2383,0.0021057
9.2422,0.16733
9.2461,0.5283
9.25,1
9.2539,1.4711
9.2578,1.8303
9.2617,1.9925
9.2656,1.9191
9.2695,1.6269
9.2734,1.1843
9.2773,0.69499
9.2812,0.27368
9.2852,0.018762
9.2891,-0.010754
9.293,0.19077
9.2969,0.57426
9.3008,1.0475
9.3047,1.4971
9.3086,1.8149
9.3125,1.9239
9.3164,1.7961
9.3203,1.4596
9.3242,0.99124
9.3281,0.49924
9.332,0.097077
9.3359,-0.12306
9.3398,-0.11209
9.3438,0.12436
9.3477,0.5273
9.3516,0.9983
9.3555,1.4227
9.3594,1.6969
9.3633,1.7524
9.3672,1.5724
9.3711,1.1956
9.375,0.70711
9.3789,0.21814
9.3828,-0.15991
9.3867,-0.34201
9.3906,-0.28949
9.3945,-0.019162
9.3984,0.40061
9.4023,0.86609
9.4062,1.2627
9.4102,1.4919
9.4141,1.4949
9.418,1.2659
9.4219,0.85408
9.4258,0.35159
9.4297,-0.12802
9.4336,-0.47668
9.4375,-0.61732
9.4414,-0.52203
9.4453,-0.21868
9.4492,0.21566
9.4531,0.67297
9.457,1.0397
9.4609,1.2238
9.4648,1.176
9.4688,0.9022
9.4727,0.46125
9.4766,-0.04836
9.4805,-0.51198
9.4844,-0.82586
9.4883,-0.92162
9.4922,-0.7824
9.4961,-0.44686
9.5,1.9755e-15
9.5039,0.44686
9.5078,0.7824
9.5117,0.92162
9.5156,0.82586
9.5195,0.51198
9.5234,0.04836
9.5273,-0.46125
9.5312,-0.9022
9.5352,-1.176
9.5391,-1.2238
9.543,-1.0397
9.5469,-0.67297
9.5508,-0.21566
9.5547,0.21868
9.5586,0.52203
9.5625,0.61732
9.5664,0.47668
9.5703,0.12802
9.5742,-0.35159
9.5781,-0.85408
9.582,-1.2659
9.5859,-1.4949
9.5898,-1.4919
9.5938,-1.2627
9.5977,-0.86609
9.6016,-0.40061
9.6055,0.019162
9.6094,0.28949
9.6133,0.34201
9.6172,0.15991
9.6211,-0.21814
9.625,-0.70711
9.6289,-1.1956
9.6328,-1.5724
9.6367,-1.7524
9.6406,-1.6969
9.6445,-1.4227
9.6484,-0.9983
9.6523,-0.5273
9.6562,-0.12436
9.6602,0.11209
9.6641,0.12306
9.668,-0.097077
9.6719,-0.49924
9.6758,-0.99124
9.6797,-1.4596
9.6836,-1.7961
9.6875,-1.9239
9.6914,-1.8149
9.6953,-1.4971
9.6992,-1.0475
9.7031,-0.57426
9.707,-0.19077
9.7109,0.010754
9.7148,-0.018762
9.7188,-0.27368
9.7227,-0.69499
9.7266,-1.1843
9.7305,-1.6269
9.7344,-1.9191
9.7383,-1.9925
9.7422,-1.8303
9.7461,-1.4711
9.75,-1
9.7539,-0.5283
9.7578,-0.16733
9.7617,-0.0021057
9.7656,-0.071305
9.7695,-0.35809
9.7734,-0.79409
9.7773,-1.2756
9.7812,-1.6879
9.7852,-1.9326
9.7891,-1.9508
9.793,-1.7368
9.7969,-1.3396
9.8008,-0.85151
9.8047,-0.38597
9.8086,-0.051072
9.8125,0.07612
9.8164,-0.032288
9.8203,-0.34842
9.8242,-0.79521
9.8281,-1.2646
9.832,-1.6431
9.8359,-1.8385
9.8398,-1.8018
9.8438,-1.5386
9.8477,-1.1079
9.8516,-0.60812
9.8555,-0.15395
9.8594,0.15087
9.8633,0.23798
9.8672,0.090518
9.8711,-0.25285
9.875,-0.70711
9.8789,-1.1609
9.8828,-1.503
9.8867,-1.6484
9.8906,-1.5583
9.8945,-1.2496
9.8984,-0.79079
9.9023,-0.28552
9.9062,0.15154
9.9102,0.42194
9.9141,0.46668
9.918,0.28011
9.9219,-0.088713
9.9258,-0.54763
9.9297,-0.98313
9.9336,-1.2872
9.9375,-1.3827
9.9414,-1.2418
9.9453,-0.89246
9.9492,-0.4117
9.9531,0.092399
9.957,0.5063
9.9609,0.73781
9.9648,0.73784
9.9688,0.51202
9.9727,0.11932
9.9766,-0.34182
9.9805,-0.7568
9.9844,-1.0219
9.9883,-1.0687
9.9922,-0.88054
9.9961,-0.49594
